{"kitchen_0": [[-4.848804761013345, -5.689490988202408], [-3.4351026587506976, -4.685900378680886], [-3.4329002788918292, -4.689002748319387], [-2.605447645085307, -4.101592082534161], [-0.7691760497625308, -6.688245435010877], [-3.0103307858317008, -8.279246710317626], [-4.848804761013345, -5.689490988202408]], "bathroom_1": [[-5.7789288008898705, -4.379277143968276], [-5.064835615916605, -3.872340630529223], [-5.168165518092234, -3.7267855620118695], [-4.516461135229772, -3.264139013083364], [-3.5358843783388396, -4.6454227850663585], [-4.901681946174566, -5.615005847433915], [-5.7789288008898705, -4.379277143968276]], "bedroom_2": [[-8.63434011231573, -0.2905239963810704], [-7.666299354774159, 0.3966905252270507], [-7.0736408418782375, -0.4381544580318835], [-7.069076290433596, -0.4349140717021278], [-6.98611391846919, -0.5517785366961689], [-5.07770161800838, 0.8030080628090808], [-3.070980997997772, -2.023747321555609], [-5.269292285257768, -3.5843339268724144], [-5.273551937427259, -3.578333592503217], [-5.956258259614287, -4.062988494629538], [-8.63434011231573, -0.2905239963810704]], "bedroom_3": [[-2.54220552845889, -4.056696347944142], [0.0250879934108745, -2.2341683441234004], [1.8613595887336505, -4.820821696600117], [-0.7059339331361141, -6.643349700420858], [-2.54220552845889, -4.056696347944142]], "balcony_4": [[-7.862820580860192, 0.9991561015824857], [-4.939076609754907, 3.0747291585583056], [-4.775953296943613, 2.8449464482962803], [-4.778760034447658, 2.842953938418887], [-4.599746975444073, 2.590788229169682], [-4.604069143407139, 2.5877199114713747], [-4.0339180521968805, 1.784579877473277], [-6.947365386571692, -0.2836835716892558], [-7.509423851884604, 0.5080568316871918], [-7.505857006170622, 0.5105889442577478], [-7.685690060634613, 0.7639097353652531], [-7.692424637611958, 0.7591288425571108], [-7.862820580860192, 0.9991561015824857]], "corridor_5": [[-4.454893347965061, -3.2204318890372257], [-1.0105683285001472, -0.7752970617334114], [-0.0197928733479644, -2.1709471709813037], [-3.464117892812879, -4.616081998285118], [-4.454893347965061, -3.2204318890372257]], "living_room_6": [[-4.980012388398318, 0.8723578878755731], [-3.920355632649465, 1.6246108325967477], [-3.9168399349491656, 1.6196584653837824], [-3.7599644320596104, 1.7310247718439236], [-4.428462706469072, 2.6727009961184613], [-2.761150545961467, 3.8563300115583736], [-0.0894473492416976, 0.0928507701321095], [-2.9732917683877105, -1.9543974964891149], [-4.980012388398318, 0.8723578878755731]]}