{
  "0": [
    [-0.15915425445488762, 3.2281197868202423],
    [-0.1591542544548874, 3.897111012633527],
    [-0.7811906400381644, 3.9079686981315973],
    [-0.7811906400381659, -0.5377605981626674],
    [-0.15057952933210206, -0.5377605981626656],
    [-0.15057952933210283, -0.2899490407872891],
    [0.37381273161006723, -0.2899490407872882],
    [0.37381273161006834, -0.31746486120488004],
    [0.5912716301374965, -0.3212606203978954],
    [0.6531363708739573, 3.2229680026908696],
    [0.3579908557722544, 3.2281197868202414],
    [-0.15915425445488762, 3.2281197868202423]
  ],
  "1": [
    [-1.0581339352708865, 2.457381628909949],
    [-1.0581339352708865, 4.187787938138388],
    [-3.562031167046584, 4.231493626892616],
    [-3.592226321688037, 2.5016143760489626],
    [-1.0581339352708865, 2.457381628909949]
  ],
  "2": [
    [-5.187433901916402, 6.261369404159307],
    [-9.510934872437511, 6.261369404159305],
    [-9.510934872437513, 3.759863560683174],
    [-5.608343152383615, 3.691743568821309],
    [-5.595867254831036, 4.406487260917867],
    [-5.187433901916404, 4.399358030223892],
    [-5.187433901916402, 6.261369404159307]
  ],
  "3": [
    [-3.64360493506508, 4.398900032524905],
    [-3.643604935065078, 7.257754447187564],
    [-4.965479265730226, 7.280827849456267],
    [-4.965479265730227, 2.525584595350084],
    [-3.6766964430894893, 2.503088807502518],
    [-3.64360493506508, 4.398900032524905]
  ],
  "4": [
    [-5.187433901916405, 3.5724021951466023],
    [-9.510934872437517, 3.647869185304262],
    [-9.510934872437517, -0.5377605981626674],
    [-5.187433901916405, -0.5377605981626674],
    [-5.187433901916405, 3.5724021951466023]
  ],
  "5": [
    [-1.0581339352708852, -0.5377605981626674],
    [-1.0581339352708847, 2.37288577121174],
    [-4.965479265730229, 2.441088737651876],
    [-4.965479265730228, -0.5377605981626692],
    [-1.0581339352708852, -0.5377605981626674]
  ]
}
