{"7": {"polygon": "POLYGON ((-4.349903670760314 -1.0051258827102565, -3.6813438613008884 -0.9811041968673013, -3.6928288407642107 -0.3590790771409278, -8.135691193144647 -0.518713327005079, -8.113047634595661 -1.1489177717705648, -7.865395884934351 -1.140019521464982, -7.846566361220468 -1.6640736144484727, -7.8740644373471635 -1.6650616339744087, -7.870049381248215 -1.882516594049216, -4.325884948572465 -1.817077668139234, -4.331334372847634 -1.5219374984919387, -4.349903670760314 -1.0051258827102565))", "room_type": 8, "centroid": [-5.991265334065294, -1.103902556604451]}, "8": {"polygon": "POLYGON ((-5.152424754373479 -0.1344010783459044, -3.423134342561653 -0.0722668153883887, -3.469365092002862 2.431585067676899, -5.19921301256978 2.3996454124888213, -5.152424754373479 -0.1344010783459044))", "room_type": 7, "centroid": [-4.312761993775635, 1.1560936606617185]}, "9": {"polygon": "POLYGON ((-1.4991621982234058 4.128827030096929, -1.6544075557829352 8.449539878812194, -4.154300238295951 8.359717493722991, -4.082244669204883 4.457196454485986, -3.3675139220104953 4.470393136891586, -3.359972805800771 4.061967181215788, -1.4991621982234058 4.128827030096929))", "room_type": 0, "centroid": [-2.8209385930325555, 6.287746922313241]}, "10": {"polygon": "POLYGON ((-3.304995738593533 2.519117347067173, -0.4479849303941554 2.621771163694266, -0.4723913797476733 3.9436215535620605, -5.224568091831717 3.7728734852027124, -5.200772628103605 2.4841140040307312, -3.304995738593533 2.519117347067173))", "room_type": 4, "centroid": [-2.827585621883267, 3.2008971298351954]}, "11": {"polygon": "POLYGON ((-4.186395356946365 4.032273408697209, -4.266222391195383 8.355696075208483, -8.449152962669523 8.205401303268646, -8.293907605109993 3.8846884545533786, -4.186395356946365 4.032273408697209))", "room_type": 0, "centroid": [-6.299097783832502, 6.126067799831994]}, "12": {"polygon": "POLYGON ((-8.145635486249994 -0.2419486258436194, -5.236866122724985 -0.1374350986294903, -5.309009460183223 3.76983946491913, -8.285937807695431 3.6628769515745905, -8.145635486249994 -0.2419486258436194))", "room_type": 2, "centroid": [-6.7445672371084004, 1.770872137720359]}}