{"balcony_0": [[-10.637640748635857, 7.092084981309725], [-10.637640748635857, 11.128658590911545], [-10.048594336304115, 11.128658590911545], [-10.048594336304115, 11.068261735947718], [-9.024733070366011, 11.068261735947718], [-9.024733070366011, 11.122558967856715], [-8.833067854182168, 11.122558967856715], [-8.833067854182168, 7.086480738562418], [-9.023241160281227, 7.086480738562418], [-9.023241160281227, 7.134773896554204], [-10.04710242621933, 7.134773896554204], [-10.04710242621933, 7.092084981309725], [-10.637640748635857, 7.092084981309725]], "storeroom_1": [[-4.172446169176503, 1.1998377283204853], [-4.172446169176503, 2.072551273269717], [-2.3861763054073037, 2.072551273269717], [-2.3861763054073037, 1.1998377283204853], [-4.172446169176503, 1.1998377283204853]], "corridor_2": [[-4.172446169176503, 2.189908455286627], [-4.172446169176503, 3.5415148942089054], [-3.56905738765591, 3.5415148942089054], [-3.56905738765591, 3.6289025837270827], [-3.549858594786336, 3.6289025837270827], [-3.549858594786336, 7.935008633655212], [-2.399278810626978, 7.935008633655212], [-2.399278810626978, 5.779657812678966], [-2.3861763054073037, 5.779657812678966], [-2.3861763054073037, 2.189908455286627], [-4.172446169176503, 2.189908455286627]], "bathroom_3": [[-2.28258772406193, 6.04327762296429], [-2.28258772406193, 7.61596782161126], [-0.1108594653223953, 7.61596782161126], [-0.1108594653223953, 6.04327762296429], [-2.28258772406193, 6.04327762296429]], "bedroom_4": [[-8.502499107794025, 3.7166418647949264], [-8.502499107794025, 6.744746930852223], [-3.72498556537235, 6.744746930852223], [-3.72498556537235, 3.7166418647949264], [-8.502499107794025, 3.7166418647949264]], "shaft_5": [[-2.28258772406193, 7.732658908176305], [-2.28258772406193, 7.935008633655212], [-0.1108594653223953, 7.935008633655212], [-0.1108594653223953, 7.732658908176305], [-2.28258772406193, 7.732658908176305]], "bedroom_6": [[-8.502499107794025, 1.1998377283204853], [-8.502499107794025, 3.5415148942089054], [-4.289928467288661, 3.5415148942089054], [-4.289928467288661, 1.1998377283204853], [-8.502499107794025, 1.1998377283204853]], "kitchen_7": [[-3.666138316517195, 9.024996077544028], [-3.666138316517195, 10.542538089366001], [-3.5604083627109304, 10.542538089366001], [-3.5604083627109304, 10.978794195592425], [-0.1108594653223953, 10.978794195592425], [-0.1108594653223953, 8.051699720220256], [-3.549858594786336, 8.051699720220256], [-3.549858594786336, 9.024996077544028], [-3.666138316517195, 9.024996077544028]], "living_room_8": [[-8.502499107794025, 6.91987390143824], [-8.502499107794025, 10.978794195592425], [-3.7286017076025537, 10.978794195592425], [-3.7286017076025537, 10.542538089366001], [-3.6837657142640126, 10.542538089366001], [-3.6837657142640126, 9.024996077544028], [-3.72498556537235, 9.024996077544028], [-3.72498556537235, 6.91987390143824], [-8.502499107794025, 6.91987390143824]]}