{"storeroom_0": [[2.4088329075171018, 1.7170440367940785], [2.4088329075171018, 2.094795817371706], [2.883769022791988, 2.094795817371706], [2.883769022791988, 2.0923527323874485], [3.0457690227919905, 2.0923527323874485], [3.0457690227919905, 2.094795817371706], [3.5419266805590084, 2.094795817371706], [3.5419266805590084, 1.7170440367940785], [2.4088329075171018, 1.7170440367940785]], "room_1": [[2.5701166304572816, -4.041323233525665], [2.5701166304572816, 0.0611923656037057], [5.150519601462388, 0.0611923656037057], [5.150519601462388, -4.041323233525665], [2.5701166304572816, -4.041323233525665]], "corridor_2": [[1.3049917671913427, 0.2631923656037038], [1.3049917671913427, 1.6250440367940797], [5.574950451304968, 1.6250440367940797], [5.574950451304968, 0.2631923656037038], [1.3049917671913427, 0.2631923656037038]], "living_room_3": [[5.252519601462392, -4.041323233525665], [5.252519601462392, 0.0611923656037057], [5.711836621273488, 0.0611923656037057], [5.711836621273488, 0.2631923656037038], [5.676950451304975, 0.2631923656037038], [5.676950451304975, 1.6250440367940797], [9.07958990896061, 1.6250440367940797], [9.07958990896061, -4.041323233525665], [5.252519601462392, -4.041323233525665]], "room_4": [[5.676950451304975, 1.7170440367940785], [5.676950451304975, 4.659176022370518], [9.07958990896061, 4.659176022370518], [9.07958990896061, 1.7170440367940785], [5.676950451304975, 1.7170440367940785]], "kitchen_5": [[3.0457690227919905, 2.176795817371705], [3.0457690227919905, 4.659176022370518], [5.574950451304968, 4.659176022370518], [5.574950451304968, 1.7170440367940785], [3.6439266805590123, 1.7170440367940785], [3.6439266805590123, 2.094795817371706], [3.6533469995369714, 2.094795817371706], [3.6533469995369714, 2.176795817371705], [3.0457690227919905, 2.176795817371705]], "balcony_6": [[5.7099421270872455, -4.5352571421536645], [5.7099421270872455, -4.373323233525665], [9.07958990896061, -4.373323233525665], [9.07958990896061, -4.624387620620607], [9.076039111515705, -4.624387620620607], [9.076039111515705, -5.7464275374321945], [5.730470158525851, -5.7464275374321945], [5.730470158525851, -4.5352571421536645], [5.7099421270872455, -4.5352571421536645]], "room_7": [[-1.134585007646411, -4.041323233525665], [-1.134585007646411, 0.0611923656037057], [2.4681166304572777, 0.0611923656037057], [2.4681166304572777, -4.041323233525665], [-1.134585007646411, -4.041323233525665]], "bathroom_8": [[1.3049917671913427, 1.7170440367940785], [1.3049917671913427, 4.659176022370518], [2.883769022791988, 4.659176022370518], [2.883769022791988, 2.176795817371705], [2.3143898225328385, 2.176795817371705], [2.3143898225328385, 2.1707502853591105], [2.306832907517098, 2.1707502853591105], [2.306832907517098, 1.7170440367940785], [1.3049917671913427, 1.7170440367940785]]}