{"kitchen_0": [[8.638235446356564, 1.7307364873696915], [8.638235446356564, 3.6192425704124673], [8.641991247183743, 3.6192425704124673], [8.641991247183743, 4.294818263381421], [12.021026616578016, 4.294818263381421], [12.021026616578016, 1.7307364873696915], [8.638235446356564, 1.7307364873696915]], "bathroom_1": [[3.1504265914379737, 1.5727699126798864], [3.1504265914379737, 4.269507213588218], [5.033932674480738, 4.269507213588218], [5.033932674480738, 1.5727699126798864], [3.1504265914379737, 1.5727699126798864]], "room_2": [[2.51296139640106, -4.318604413206195], [2.51296139640106, -0.0546154504293757], [4.859099801031707, -0.0546154504293757], [4.859099801031707, -4.318604413206195], [2.51296139640106, -4.318604413206195]], "balcony_3": [[8.86900146918521, -5.360113255554764], [8.86900146918521, -4.6574707119654235], [8.872135170425981, -4.6574707119654235], [8.872135170425981, -3.11818562478674], [9.849443460913395, -3.11818562478674], [9.849443460913395, -3.1216303758207182], [11.864471367612001, -3.1216303758207182], [11.864471367612001, -4.318604413206195], [11.849016394576555, -4.318604413206195], [11.849016394576555, -4.604848612379014], [11.844327444369757, -4.604848612379014], [11.844327444369757, -5.360113255554764], [8.86900146918521, -5.360113255554764]], "room_4": [[5.02109980103171, -4.318604413206195], [5.02109980103171, -0.0546154504293757], [8.503890971253167, -0.0546154504293757], [8.503890971253167, -3.0608745749935373], [8.500135170425981, -3.0608745749935373], [8.500135170425981, -4.318604413206195], [5.02109980103171, -4.318604413206195]], "bathroom_5": [[1.3000644316374306, 3.0940884251687617], [1.3000644316374306, 4.269507213588218], [2.9584265914379664, 4.269507213588218], [2.9584265914379664, 3.0940884251687617], [1.3000644316374306, 3.0940884251687617]], "room_6": [[0.0348229917704117, -4.318604413206195], [0.0348229917704117, -0.2594483238784093], [1.2963086308102518, -0.2594483238784093], [1.2963086308102518, -0.0761706993953979], [1.3000644316374306, -0.0761706993953979], [1.3000644316374306, -0.0546154504293757], [2.3809613964010587, -0.0546154504293757], [2.3809613964010587, -4.318604413206195], [0.0348229917704117, -4.318604413206195]], "corridor_7": [[1.3000644316374306, 0.1573845495706241], [1.3000644316374306, 1.4407699126798867], [2.9584265914379664, 1.4407699126798867], [2.9584265914379664, 1.3918701886104667], [3.1504265914379737, 1.3918701886104667], [3.1504265914379737, 1.4407699126798867], [5.033932674480738, 1.4407699126798867], [5.033932674480738, 0.1573845495706241], [1.3000644316374306, 0.1573845495706241]], "corridor_8": [[1.3000644316374306, 1.5727699126798864], [1.3000644316374306, 2.9820884251687634], [2.9584265914379664, 2.9820884251687634], [2.9584265914379664, 1.5727699126798864], [1.3000644316374306, 1.5727699126798864]], "living_dining_9": [[5.225932674480745, 0.1573845495706241], [5.225932674480745, 4.269507213588218], [6.148240964968153, 4.269507213588218], [6.148240964968153, 3.7711088691716963], [6.407140689037572, 3.7711088691716963], [6.407140689037572, 3.7414199189648993], [7.293027431799732, 3.7414199189648993], [7.293027431799732, 3.636419918964899], [8.299991247183751, 3.636419918964899], [8.299991247183751, 3.6192425704124673], [8.506235446356566, 3.6192425704124673], [8.506235446356566, 1.5184254375764894], [8.507957821873557, 1.5184254375764894], [8.507957821873557, 1.3587364873696952], [12.021026616578016, 1.3587364873696952], [12.021026616578016, -2.7996303758207173], [9.849443460913395, -2.7996303758207173], [9.849443460913395, -3.0561856247867407], [8.811690419392011, -3.0561856247867407], [8.811690419392011, -3.0608745749935373], [8.665890971253159, -3.0608745749935373], [8.665890971253159, 0.0017624499842146], [8.636513070839573, 0.0017624499842146], [8.636513070839573, 0.1573845495706241], [5.225932674480745, 0.1573845495706241]], "balcony_10": [[6.440240964968151, 3.8534199189648994], [6.440240964968151, 4.252018815242582], [6.489762788623981, 4.252018815242582], [6.489762788623981, 4.981972408625127], [8.300780473321122, 4.981972408625127], [8.300780473321122, 4.633684562140653], [8.299991247183751, 4.633684562140653], [8.299991247183751, 3.9584199189649], [7.293027431799732, 3.9584199189649], [7.293027431799732, 3.8534199189648994], [6.440240964968151, 3.8534199189648994]]}