{"storeroom_0": [[2.3987165253554696, 1.7222045103764732], [2.3987165253554696, 2.0890302782655166], [2.8763891210436423, 2.0890302782655166], [2.8763891210436423, 1.9781834504663784], [3.038389121043645, 1.9781834504663784], [3.038389121043645, 2.0890302782655166], [3.5160617167318176, 2.0890302782655166], [3.5160617167318176, 1.7222045103764732], [2.3987165253554696, 1.7222045103764732]], "room_1": [[2.562133922137866, -4.028251204806573], [2.562133922137866, 0.0454509478934835], [5.099953408622747, 0.0454509478934835], [5.099953408622747, -4.028251204806573], [2.562133922137866, -4.028251204806573]], "room_2": [[5.629352754053633, 1.7222045103764732], [5.629352754053633, 4.61656147170018], [8.940967922841702, 4.61656147170018], [8.940967922841702, 1.7222045103764732], [5.629352754053633, 1.7222045103764732]], "bathroom_3": [[1.3186506013535766, 1.7222045103764732], [1.3186506013535766, 4.61656147170018], [2.8763891210436423, 4.61656147170018], [2.8763891210436423, 2.1710302782655138], [2.315290102897313, 2.1710302782655138], [2.315290102897313, 2.156171416232038], [2.2967165253554693, 2.156171416232038], [2.2967165253554693, 1.7222045103764732], [1.3186506013535766, 1.7222045103764732]], "balcony_4": [[5.6726440556624365, -4.531371282862999], [5.6726440556624365, -4.370251204806574], [8.940967922841702, -4.370251204806574], [8.940967922841702, -4.6339358347290895], [8.98411808648398, -4.6339358347290895], [8.98411808648398, -5.709572327714241], [5.6797761679532055, -5.709572327714241], [5.6797761679532055, -4.531371282862999], [5.6726440556624365, -4.531371282862999]], "kitchen_5": [[3.038389121043645, 2.1710302782655138], [3.038389121043645, 4.61656147170018], [5.527352754053636, 4.61656147170018], [5.527352754053636, 1.7222045103764732], [3.618061716731818, 1.7222045103764732], [3.618061716731818, 2.0890302782655166], [3.6371998461397563, 2.0890302782655166], [3.6371998461397563, 2.1710302782655138], [3.038389121043645, 2.1710302782655138]], "room_6": [[-1.0811839279242328, -4.028251204806573], [-1.0811839279242328, 0.0454509478934835], [1.12665060135358, 0.0454509478934835], [1.12665060135358, -0.083389862788481], [1.3186506013535766, -0.083389862788481], [1.3186506013535766, 0.0454509478934835], [2.4601339221378655, 0.0454509478934835], [2.4601339221378655, -4.028251204806573], [-1.0811839279242328, -4.028251204806573]], "corridor_7": [[1.3186506013535766, 0.267450947893483], [1.3186506013535766, 1.6202045103764782], [5.527352754053636, 1.6202045103764782], [5.527352754053636, 0.267450947893483], [1.3186506013535766, 0.267450947893483]], "living_room_8": [[5.201953408622748, -4.028251204806573], [5.201953408622748, 0.0454509478934835], [5.527352754053636, 0.0454509478934835], [5.527352754053636, -0.0079664488889133], [5.629352754053633, -0.0079664488889133], [5.629352754053633, 0.0454509478934835], [5.6610614524448355, 0.0454509478934835], [5.6610614524448355, 0.267450947893483], [5.629352754053633, 0.267450947893483], [5.629352754053633, 1.6202045103764782], [8.940967922841702, 1.6202045103764782], [8.940967922841702, -4.028251204806573], [5.201953408622748, -4.028251204806573]]}