{"corridor_0": [[-7.425767923996043, 2.752945845125616], [-7.425767923996043, 4.476133458020765], [-6.13140591735891, 4.476133458020765], [-6.13140591735891, 2.752945845125616], [-7.425767923996043, 2.752945845125616]], "balcony_1": [[-10.033396369464745, -5.916838965936456], [-10.033396369464745, -4.827956607251823], [-9.975960409203916, -4.827956607251823], [-9.975960409203916, -4.823742384538862], [-3.5765841216351824, -4.823742384538862], [-3.5765841216351824, -4.480487374212205], [-3.5884796734284237, -4.480487374212205], [-3.5884796734284237, -4.299098325929587], [-0.0873933851963962, -4.299098325929587], [-0.0873933851963962, -6.28877891859005], [-3.5286877935630763, -6.28877891859005], [-3.5286877935630763, -6.0503062775486764], [-3.5227087444050937, -6.0503062775486764], [-3.5227087444050937, -5.916838965936456], [-3.5286877935630763, -5.916838965936456], [-3.5286877935630763, -5.915848868671796], [-3.6434455768153384, -5.915848868671796], [-3.6434455768153384, -5.916838965936456], [-10.033396369464745, -5.916838965936456]], "shaft_2": [[-10.00451749812905, 0.096828096081806], [-10.00451749812905, 0.5407601976125367], [-9.82180828807517, 0.5407601976125367], [-9.82180828807517, 0.096828096081806], [-10.00451749812905, 0.096828096081806]], "kitchen_3": [[-9.847536360469118, 2.0422434642591796], [-9.847536360469118, 4.476133458020765], [-7.519191769453357, 4.476133458020765], [-7.519191769453357, 1.809228740307658], [-8.877258916774709, 1.809228740307658], [-8.877258916774709, 2.0336259666679375], [-8.890184390568999, 2.0336259666679375], [-8.890184390568999, 2.0422434642591796], [-9.847536360469118, 2.0422434642591796]], "room_4": [[-6.350970905381528, -4.480487374212205], [-6.350970905381528, -0.0811394312877045], [-3.9142367433750884, -0.0811394312877045], [-3.9142367433750884, -4.128922165787662], [-3.9101740846792588, -4.128922165787662], [-3.9101740846792588, -4.480487374212205], [-6.350970905381528, -4.480487374212205]], "shaft_5": [[-8.989045814633766, 1.5752756393386687], [-8.989045814633766, 1.7075476739409243], [-7.519191769453357, 1.7075476739409243], [-7.519191769453357, 1.5752756393386687], [-8.989045814633766, 1.5752756393386687]], "shaft_6": [[-9.847536360469118, 1.809228740307658], [-9.847536360469118, 1.971217191141637], [-8.948681356817218, 1.971217191141637], [-8.948681356817218, 1.809228740307658], [-9.847536360469118, 1.809228740307658]], "storeroom_7": [[-6.05446399639982, 2.752945845125616], [-6.05446399639982, 4.476133458020765], [-4.95864420141042, 4.476133458020765], [-4.95864420141042, 2.752945845125616], [-6.05446399639982, 2.752945845125616]], "room_8": [[-9.975960409203916, -4.480487374212205], [-9.975960409203916, -0.0811394312877045], [-6.510253329314871, -0.0811394312877045], [-6.510253329314871, -4.480487374212205], [-9.975960409203916, -4.480487374212205]], "bathroom_9": [[-9.754625004772787, 0.096828096081806], [-9.754625004772787, 1.7075476739409243], [-9.05922112919048, 1.7075476739409243], [-9.05922112919048, 1.5160607902184182], [-9.052864304072552, 1.5160607902184182], [-9.052864304072552, 1.505380591013262], [-7.519191769453357, 1.505380591013262], [-7.519191769453357, 0.096828096081806], [-9.754625004772787, 0.096828096081806]], "living_dining_10": [[-4.774515659718199, 0.096828096081806], [-4.774515659718199, 2.822066834929668], [-0.1131194476120143, 2.822066834929668], [-0.1131194476120143, -3.969546977171082], [-3.5884796734284237, -3.969546977171082], [-3.5884796734284237, -3.9631897092711768], [-3.735593749854111, -3.9631897092711768], [-3.735593749854111, -0.0811394312877045], [-3.719581670492868, -0.0811394312877045], [-3.719581670492868, 0.096828096081806], [-4.774515659718199, 0.096828096081806]], "corridor_11": [[-7.425767923996043, 0.096828096081806], [-7.425767923996043, 2.6673322928462113], [-4.95864420141042, 2.6673322928462113], [-4.95864420141042, 0.096828096081806], [-7.425767923996043, 0.096828096081806]]}