{"bathroom_0": [[2.548129890963086, 4.929251769802944], [2.548129890963086, 6.669440351821381], [5.805607352551206, 6.669440351821381], [5.805607352551206, 4.929251769802944], [2.548129890963086, 4.929251769802944]], "living_dining_1": [[-3.732666334644107, 6.1106238733549905], [-3.732666334644107, 11.365059192719903], [1.1335516149998206, 11.365059192719903], [1.1335516149998206, 8.860627533834846], [1.1240595348518667, 8.860627533834846], [1.1240595348518667, 8.716420498223718], [1.2019990920300465, 8.716420498223718], [1.2019990920300465, 6.0151370303987175], [-0.0542675690508521, 6.0151370303987175], [-0.0542675690508521, 6.1106238733549905], [-0.650642178560676, 6.1106238733549905], [-0.650642178560676, 6.12017817949757], [-0.8233254546156683, 6.12017817949757], [-0.8233254546156683, 6.1106238733549905], [-3.732666334644107, 6.1106238733549905]], "kitchen_2": [[2.548129890963086, 6.813647387432502], [2.548129890963086, 8.716420498223718], [5.805607352551206, 8.716420498223718], [5.805607352551206, 6.813647387432502], [2.548129890963086, 6.813647387432502]], "balcony_3": [[-5.628346309741337, 6.222961335656487], [-5.628346309741337, 10.872341858067285], [-5.608701955079132, 10.872341858067285], [-5.608701955079132, 11.365059192719903], [-4.082912467778752, 11.365059192719903], [-4.082912467778752, 6.222961335656487], [-5.628346309741337, 6.222961335656487]], "room_4": [[1.2787165669561489, 8.860627533834846], [1.2787165669561489, 11.365059192719903], [5.805607352551206, 11.365059192719903], [5.805607352551206, 8.860627533834846], [1.2787165669561489, 8.860627533834846]], "room_5": [[1.2625190723917523, 1.5102741671524509], [1.2625190723917523, 4.785044734191823], [5.805607352551206, 4.785044734191823], [5.805607352551206, 1.5102741671524509], [1.2625190723917523, 1.5102741671524509]], "corridor_6": [[-0.650642178560676, 2.658857333295197], [-0.650642178560676, 4.157783694689739], [-0.0269807131081201, 4.157783694689739], [-0.0269807131081201, 4.257055745380265], [-0.650642178560676, 4.257055745380265], [-0.650642178560676, 5.917650187442442], [-0.0542675690508521, 5.917650187442442], [-0.0542675690508521, 6.0031370303987135], [1.201999568867203, 6.0031370303987135], [1.201999568867203, 6.003137030398706], [1.2139990920300452, 6.003137030398706], [1.2139990920300452, 8.716420498223718], [2.4290899302396625, 8.716420498223718], [2.4290899302396625, 4.929251769802944], [1.128849116577907, 4.929251769802944], [1.128849116577907, 4.785044734191823], [1.143479111668329, 4.785044734191823], [1.143479111668329, 1.5102741671524509], [-0.0346034249791991, 1.5102741671524509], [-0.0346034249791991, 2.735295989992137], [-0.2634554321849381, 2.735295989992137], [-0.2634554321849381, 2.658857333295197], [-0.650642178560676, 2.658857333295197]]}