{"room_0": [[-8.127169610153489, -8.887874900999755], [-8.127169610153489, -6.862473927594776], [-8.000720484993096, -6.862473927594776], [-8.000720484993096, -6.015264789020138], [-4.618098901533225, -6.015264789020138], [-4.618098901533225, -6.048984555729577], [-3.575001104379318, -6.048984555729577], [-3.575001104379318, -6.006834847342779], [-2.578053015612209, -6.006834847342779], [-2.578053015612209, -8.78250063003276], [-6.9152580086137085, -8.78250063003276], [-6.9152580086137085, -8.887874900999755], [-8.127169610153489, -8.887874900999755]], "corridor_1": [[-5.5096727193333415, -3.682385915230215], [-5.5096727193333415, -2.6264282347215886], [-4.51915457224359, -2.6264282347215886], [-4.51915457224359, -2.537913847109312], [-3.7371699962491487, -2.537913847109312], [-3.7371699962491487, -2.613783322205549], [-2.3125098527753813, -2.613783322205549], [-2.3125098527753813, -4.067948261550075], [-2.2830050569046243, -4.067948261550075], [-2.2830050569046243, -4.497875287095415], [-2.2745751152272646, -4.497875287095415], [-2.2745751152272646, -4.506305228772774], [-0.4494927420789132, -4.506305228772774], [-0.4494927420789132, -5.848880926311628], [-1.4779456267167816, -5.848880926311628], [-1.4779456267167816, -5.99640490566542], [-2.340014648646136, -5.99640490566542], [-2.340014648646136, -5.861525838827667], [-3.673945433668951, -5.861525838827667], [-3.673945433668951, -5.99218993482674], [-4.536014455598309, -5.99218993482674], [-4.536014455598309, -5.869955780505027], [-4.776267793403058, -5.869955780505027], [-4.776267793403058, -5.345084425670052], [-4.772052822564378, -5.345084425670052], [-4.772052822564378, -3.6739559735528573], [-4.8878570352087305, -3.6739559735528573], [-4.8878570352087305, -3.682385915230215], [-5.5096727193333415, -3.682385915230215]], "shaft_2": [[-3.0860644870924627, -0.9763746367977895], [-3.0860644870924627, -0.8182057449279618], [-2.3125098527753813, -0.8182057449279618], [-2.3125098527753813, -0.9763746367977895], [-3.0860644870924627, -0.9763746367977895]], "shaft_3": [[-4.670893522436062, -0.9763746367977895], [-4.670893522436062, -0.8182057449279618], [-3.5601412210245975, -0.8182057449279618], [-3.5601412210245975, -0.9763746367977895], [-4.670893522436062, -0.9763746367977895]], "living_dining_4": [[-9.606624374530096, -3.3325433356197927], [-9.606624374530096, -0.7339063281543652], [-8.68554576085922, -0.7339063281543652], [-8.68554576085922, -0.8434955699600373], [-7.72253240964023, -0.8434955699600373], [-7.72253240964023, -0.8350656282826776], [-7.701457555446831, -0.8350656282826776], [-7.701457555446831, 3.055352455818767], [-2.3125098527753813, 3.055352455818767], [-2.3125098527753813, -0.6771117072515231], [-5.545392486042777, -0.6771117072515231], [-5.545392486042777, -0.8182057449279618], [-5.541177515204097, -0.8182057449279618], [-5.541177515204097, -2.6222132638829088], [-5.51588769017202, -2.6222132638829088], [-5.51588769017202, -3.682385915230215], [-6.057618928361713, -3.682385915230215], [-6.057618928361713, -3.6739559735528573], [-6.10598360758719, -3.6739559735528573], [-6.10598360758719, -3.682385915230215], [-6.919472979452388, -3.682385915230215], [-6.919472979452388, -3.690815856907575], [-6.923687950291068, -3.690815856907575], [-6.923687950291068, -4.023798553163278], [-9.530754899433859, -4.023798553163278], [-9.530754899433859, -3.3325433356197927], [-9.606624374530096, -3.3325433356197927]], "bathroom_5": [[-5.416943360882385, -2.5274839054319536], [-5.416943360882385, -0.8182057449279618], [-4.736118085016258, -0.8182057449279618], [-4.736118085016258, -1.0247393160232683], [-4.719258201661539, -1.0247393160232683], [-4.719258201661539, -1.0415991993779876], [-2.3125098527753813, -1.0415991993779876], [-2.3125098527753813, -2.514838992915914], [-3.629795725282154, -2.514838992915914], [-3.629795725282154, -2.4726892845291157], [-4.592809076501146, -2.4726892845291157], [-4.592809076501146, -2.5274839054319536], [-5.416943360882385, -2.5274839054319536]], "room_6": [[-2.517043423870689, -11.037510028726448], [-2.517043423870689, -8.99946414280543], [-2.428529036258414, -8.99946414280543], [-2.428529036258414, -6.053199526568257], [-1.4062911224592263, -6.053199526568257], [-1.4062911224592263, -6.103779176632413], [0.878223072105218, -6.103779176632413], [0.878223072105218, -10.944780670275492], [-1.2756270264601532, -10.944780670275492], [-1.2756270264601532, -11.037510028726448], [-2.517043423870689, -11.037510028726448]], "shaft_7": [[-5.4338032442371045, -5.869955780505027], [-5.4338032442371045, -5.315579629799293], [-5.014306160369124, -5.315579629799293], [-5.014306160369124, -5.869955780505027], [-5.4338032442371045, -5.869955780505027]], "balcony_8": [[-9.737288470529169, -0.5000829320269737], [-9.737288470529169, 3.282960881107474], [-9.709783674658409, 3.282960881107474], [-9.709783674658409, 2.9921278932385675], [-7.745607263833628, 2.9921278932385675], [-7.745607263833628, -0.5085128737043334], [-8.696190673375261, -0.5085128737043334], [-8.696190673375261, -0.5000829320269737], [-9.737288470529169, -0.5000829320269737]], "kitchen_9": [[-8.127169610153489, -5.874170751343707], [-8.127169610153489, -4.072163232388755], [-6.923687950291068, -4.072163232388755], [-6.923687950291068, -4.076378203227435], [-6.875323271065593, -4.076378203227435], [-6.875323271065593, -4.072163232388755], [-6.871108300226913, -4.072163232388755], [-6.871108300226913, -4.023798553163278], [-6.875323271065593, -4.023798553163278], [-6.875323271065593, -3.7307505944556922], [-6.10598360758719, -3.7307505944556922], [-6.10598360758719, -4.303986628516144], [-6.057618928361713, -4.303986628516144], [-6.057618928361713, -3.7307505944556922], [-4.8878570352087305, -3.7307505944556922], [-4.8878570352087305, -5.267214950573816], [-5.473737981785222, -5.267214950573816], [-5.473737981785222, -5.288289804767215], [-5.4821679234625815, -5.288289804767215], [-5.4821679234625815, -5.869955780505027], [-8.078589960089332, -5.869955780505027], [-8.078589960089332, -5.874170751343707], [-8.127169610153489, -5.874170751343707]], "shaft_10": [[-4.965941481143648, -5.869955780505027], [-4.965941481143648, -5.315579629799293], [-4.8878570352087305, -5.315579629799293], [-4.8878570352087305, -5.345084425670052], [-4.854137268499292, -5.345084425670052], [-4.854137268499292, -5.869955780505027], [-4.965941481143648, -5.869955780505027]]}