{"room_0": [[-9.582592478845173, 2.523060908983078], [-9.582592478845173, 5.6768860066106885], [-4.057633929486542, 5.6768860066106885], [-4.057633929486542, 4.331263397353494], [-5.411785795764352, 4.331263397353494], [-5.411785795764352, 4.356851168415339], [-5.609958707238505, 4.356851168415339], [-5.609958707238505, 4.331263397353494], [-5.65260499234158, 4.331263397353494], [-5.65260499234158, 4.167207513961806], [-5.609958707238505, 4.167207513961806], [-5.609958707238505, 2.523060908983078], [-8.874664146134114, 2.523060908983078], [-8.874664146134114, 2.531590166003692], [-9.149600370793799, 2.531590166003692], [-9.149600370793799, 2.523060908983078], [-9.582592478845173, 2.523060908983078]], "living_dining_1": [[-8.456730552123968, 9.56822720801121], [-8.456730552123968, 13.62615354982403], [-1.6609127066936793, 13.62615354982403], [-1.6609127066936793, 9.56822720801121], [-8.456730552123968, 9.56822720801121]], "room_2": [[-1.3603887109721455, 4.007151630570117], [-1.3603887109721455, 6.981862330764811], [2.245487008748068, 6.981862330764811], [2.245487008748068, 5.2780109266417785], [2.202840723644993, 5.2780109266417785], [2.202840723644993, 5.113955043250089], [2.245487008748068, 5.113955043250089], [2.245487008748068, 4.007151630570117], [-1.3603887109721455, 4.007151630570117]], "corridor_3": [[-3.859461018012393, 4.331263397353494], [-3.859461018012393, 5.6768860066106885], [-3.8424025039711616, 5.6768860066106885], [-3.8424025039711616, 5.823883375961151], [-3.859461018012393, 5.823883375961151], [-3.859461018012393, 9.327408011433983], [-1.6609127066936793, 9.327408011433983], [-1.6609127066936793, 9.284761726330908], [-1.5224445943638365, 9.284761726330908], [-1.5224445943638365, 9.327408011433983], [-0.3729948965807885, 9.327408011433983], [-0.3729948965807885, 7.1459182141565005], [-1.3603887109721455, 7.1459182141565005], [-1.3603887109721455, 7.367678896692498], [-1.5585616224462981, 7.367678896692498], [-1.5585616224462981, 4.007151630570117], [-2.614189493002577, 4.007151630570117], [-2.614189493002577, 4.032739401631963], [-2.793303890435496, 4.032739401631963], [-2.793303890435496, 4.331263397353494], [-3.859461018012393, 4.331263397353494]], "kitchen_4": [[-1.5224445943638365, 9.56822720801121], [-1.5224445943638365, 13.62615354982403], [2.245487008748068, 13.62615354982403], [2.245487008748068, 8.630008935743541], [-0.2174682702097144, 8.630008935743541], [-0.2174682702097144, 9.448817609722598], [-0.2601145553127893, 9.448817609722598], [-0.2601145553127893, 9.56822720801121], [-1.5224445943638365, 9.56822720801121]], "bathroom_5": [[-0.2174682702097144, 7.1459182141565005], [-0.2174682702097144, 8.465953052351852], [2.245487008748068, 8.465953052351852], [2.245487008748068, 7.1459182141565005], [-0.2174682702097144, 7.1459182141565005]], "balcony_6": [[-10.40140115282423, 9.602344236093673], [-10.40140115282423, 13.387334353246805], [-8.65490346359812, 13.387334353246805], [-8.65490346359812, 9.56822720801121], [-9.582592478845173, 9.56822720801121], [-9.582592478845173, 9.576756465031826], [-9.608180249907019, 9.576756465031826], [-9.608180249907019, 9.602344236093673], [-10.40140115282423, 9.602344236093673]], "bathroom_7": [[-5.411785795764352, 2.523060908983078], [-5.411785795764352, 4.167207513961806], [-2.9914768019096485, 4.167207513961806], [-2.9914768019096485, 2.523060908983078], [-5.411785795764352, 2.523060908983078]], "room_8": [[-9.582592478845173, 5.823883375961151], [-9.582592478845173, 9.327408011433983], [-8.65490346359812, 9.327408011433983], [-8.65490346359812, 9.293290983351524], [-8.456730552123968, 9.293290983351524], [-8.456730552123968, 9.327408011433983], [-4.057633929486542, 9.327408011433983], [-4.057633929486542, 5.823883375961151], [-9.582592478845173, 5.823883375961151]]}