{"kitchen_0": [[-1.594343345976192, 9.65848604417732], [-1.594343345976192, 13.859964269117924], [2.030270056974583, 13.859964269117924], [2.030270056974583, 8.80591377050117], [-0.3812305585563998, 8.80591377050117], [-0.3812305585563998, 9.637277778662988], [-0.4024388240707317, 9.637277778662988], [-0.4024388240707317, 9.65848604417732], [-1.594343345976192, 9.65848604417732]], "shaft_1": [[-3.6600284070721294, 2.2780096451897762], [-3.6600284070721294, 2.428709156892964], [-2.940947379584845, 2.428709156892964], [-2.940947379584845, 2.2780096451897762], [-3.6600284070721294, 2.2780096451897762]], "corridor_2": [[-3.9654274304785098, 4.411561155931576], [-3.9654274304785098, 5.737198577128758], [-3.948460818067044, 5.737198577128758], [-3.948460818067044, 5.887656435729085], [-3.9654274304785098, 5.887656435729085], [-3.9654274304785098, 9.444403389033997], [-0.510480151642394, 9.444403389033997], [-0.510480151642394, 8.80591377050117], [-0.5189634578481268, 8.80591377050117], [-0.5189634578481268, 8.604556074666448], [-0.510480151642394, 8.604556074666448], [-0.510480151642394, 7.240743775543468], [-1.7235929390621862, 7.240743775543468], [-1.7235929390621862, 3.961945927027738], [-2.7650396023673167, 3.961945927027738], [-2.7650396023673167, 4.26110329733125], [-2.7607979492644503, 4.26110329733125], [-2.7607979492644503, 4.411561155931576], [-2.7650396023673167, 4.411561155931576], [-2.7650396023673167, 4.437011074548774], [-2.940947379584845, 4.437011074548774], [-2.940947379584845, 4.411561155931576], [-3.9654274304785098, 4.411561155931576]], "balcony_3": [[-10.306698819263787, 9.65848604417732], [-10.306698819263787, 13.60546508294594], [-8.641729149837289, 13.60546508294594], [-8.641729149837289, 9.65848604417732], [-10.306698819263787, 9.65848604417732]], "living_dining_4": [[-8.364021698150975, 9.65848604417732], [-8.364021698150975, 13.859964269117924], [-1.6939013673421215, 13.859964269117924], [-1.6939013673421215, 9.65848604417732], [-8.364021698150975, 9.65848604417732]], "bathroom_5": [[-0.3812305585563998, 7.240743775543468], [-0.3812305585563998, 8.604556074666448], [2.030270056974583, 8.604556074666448], [2.030270056974583, 7.240743775543468], [-0.3812305585563998, 7.240743775543468]], "bathroom_6": [[-5.3821395668358925, 2.5494754437732254], [-5.3821395668358925, 4.26110329733125], [-2.940947379584845, 4.26110329733125], [-2.940947379584845, 2.53250883136176], [-3.6600284070721294, 2.53250883136176], [-3.6600284070721294, 2.5494754437732254], [-5.3821395668358925, 2.5494754437732254]], "room_7": [[-9.44140158627904, 2.545233790670359], [-9.44140158627904, 5.737198577128758], [-4.115885289078836, 5.737198577128758], [-4.115885289078836, 4.411561155931576], [-5.3821395668358925, 4.411561155931576], [-5.3821395668358925, 4.415802809034442], [-5.583497262670612, 4.415802809034442], [-5.583497262670612, 2.5494754437732254], [-8.879261723597807, 2.5494754437732254], [-8.879261723597807, 2.545233790670359], [-9.44140158627904, 2.545233790670359]], "room_8": [[-9.44140158627904, 5.887656435729085], [-9.44140158627904, 9.444403389033997], [-4.115885289078836, 9.444403389033997], [-4.115885289078836, 5.887656435729085], [-9.44140158627904, 5.887656435729085]], "room_9": [[-1.5137519370217305, 3.961945927027738], [-1.5137519370217305, 7.119977488663206], [-0.510480151642394, 7.119977488663206], [-0.510480151642394, 7.11573583556034], [-0.3812305585563998, 7.11573583556034], [-0.3812305585563998, 7.119977488663206], [2.030270056974583, 7.119977488663206], [2.030270056974583, 5.594982371631303], [1.996336832151652, 5.594982371631303], [1.996336832151652, 5.419074594413779], [2.030270056974583, 5.419074594413779], [2.030270056974583, 3.961945927027738], [-1.5137519370217305, 3.961945927027738]]}