{"bathroom_0": [[-2.228739624989986, -3.743481980562674], [-2.228739624989986, -1.5557802546663737], [-0.1041157265886419, -1.5557802546663737], [-0.1041157265886419, -3.3019371880979875], [-0.7328940015381935, -3.3019371880979875], [-0.7328940015381935, -3.292926069884423], [-0.8250051836738432, -3.292926069884423], [-0.8250051836738432, -3.743481980562674], [-2.228739624989986, -3.743481980562674]], "corridor_1": [[-7.905744099535947, -3.743481980562674], [-7.905744099535947, -2.79030344992478], [-7.788599562759602, -2.79030344992478], [-7.788599562759602, -2.7542589770705206], [-5.535820009368349, -2.7542589770705206], [-5.535820009368349, -0.1320235769230997], [-4.60967483337115, -0.1320235769230997], [-4.60967483337115, -2.763270095284085], [-4.427452469099851, -2.763270095284085], [-4.427452469099851, -2.1865585296159242], [-3.1138292099193574, -2.1865585296159242], [-3.1138292099193574, -2.7812923317112155], [-2.356895279979895, -2.7812923317112155], [-2.356895279979895, -3.743481980562674], [-5.571864482222608, -3.743481980562674], [-5.571864482222608, -3.716448625921979], [-5.763097964707473, -3.716448625921979], [-5.763097964707473, -3.743481980562674], [-7.905744099535947, -3.743481980562674]], "bathroom_2": [[-9.32950077727922, -1.2383911171915987], [-9.32950077727922, -0.3392792958350963], [-7.916755217749513, -0.3392792958350963], [-7.916755217749513, -1.2383911171915987], [-9.32950077727922, -1.2383911171915987]], "shaft_3": [[-0.7328940015381935, -3.743481980562674], [-0.7328940015381935, -3.4030594884472016], [-0.1041157265886419, -3.4030594884472016], [-0.1041157265886419, -3.743481980562674], [-0.7328940015381935, -3.743481980562674]], "room_4": [[-11.257880074982134, -9.005975017284644], [-11.257880074982134, -3.3039371880979864], [-9.412600841201307, -3.3039371880979864], [-9.412600841201307, -3.8335931626983246], [-9.421611959414872, -3.8335931626983246], [-9.421611959414872, -3.9347154630475387], [-7.997855281671598, -3.9347154630475387], [-7.997855281671598, -8.888830480508298], [-9.124245058367226, -8.888830480508298], [-9.124245058367226, -9.005975017284644], [-11.257880074982134, -9.005975017284644]], "bathroom_5": [[-6.752320968199625, -1.5627913728799392], [-6.752320968199625, -0.1320235769230997], [-5.754086846493907, -0.1320235769230997], [-5.754086846493907, -1.5627913728799392], [-6.752320968199625, -1.5627913728799392]], "bathroom_6": [[-11.131724419992224, -3.1757815331080774], [-11.131724419992224, -0.3392792958350963], [-9.448645314055566, -0.3392792958350963], [-9.448645314055566, -3.1757815331080774], [-11.131724419992224, -3.1757815331080774]], "corridor_7": [[-3.616451829878999, 2.1047337400410235], [-3.616451829878999, 3.075934507106046], [-0.1041157265886419, 3.075934507106046], [-0.1041157265886419, 1.6631889475763373], [-2.7153400085224977, 1.6631889475763373], [-2.7153400085224977, 2.1047337400410235], [-3.616451829878999, 2.1047337400410235]], "room_8": [[0.1321733469640485, 1.6631889475763373], [0.1321733469640485, 8.852061282001221], [2.265808363578955, 8.852061282001221], [2.265808363578955, 4.3935577662865395], [1.294607596513936, 4.3935577662865395], [1.294607596513936, 5.024336041236092], [1.166451941524027, 5.024336041236092], [1.166451941524027, 1.6631889475763373], [0.1321733469640485, 1.6631889475763373]], "shaft_9": [[-3.3641405198991787, -2.0584028746260152], [-3.3641405198991787, -1.5557802546663737], [-2.356895279979895, -1.5557802546663737], [-2.356895279979895, -2.698192267789132], [-3.003695791356579, -2.698192267789132], [-3.003695791356579, -2.08543622926671], [-3.0217180277837077, -2.08543622926671], [-3.0217180277837077, -2.0584028746260152], [-3.3641405198991787, -2.0584028746260152]], "corridor_10": [[-6.752320968199625, -0.0128790401467569], [-6.752320968199625, 3.075934507106046], [-5.763097964707473, 3.075934507106046], [-5.763097964707473, 3.066923388892482], [-5.553842245795478, 3.066923388892482], [-5.553842245795478, 3.075934507106046], [-3.7085630120146487, 3.075934507106046], [-3.7085630120146487, 1.591100001867817], [-3.717574130228213, 1.591100001867817], [-3.717574130228213, -0.0128790401467569], [-6.752320968199625, -0.0128790401467569]], "shaft_11": [[-4.427452469099851, -2.0584028746260152], [-4.427452469099851, -1.5557802546663737], [-3.4922961748890877, -1.5557802546663737], [-3.4922961748890877, -2.0584028746260152], [-4.427452469099851, -2.0584028746260152]], "bathroom_12": [[-7.788599562759602, -2.671158913148437], [-7.788599562759602, -1.3845690086086382], [-6.8264099139081456, -1.3845690086086382], [-6.8264099139081456, -1.6999581460834126], [-5.754086846493907, -1.6999581460834126], [-5.754086846493907, -2.671158913148437], [-7.788599562759602, -2.671158913148437]], "kitchen_13": [[-2.751384481376757, 7.141948821423869], [-2.751384481376757, 8.92415022770974], [-0.167193554083596, 8.92415022770974], [-0.167193554083596, 8.852061282001221], [-0.1041157265886419, 8.852061282001221], [-0.1041157265886419, 3.1860679256688247], [-2.174672915708596, 3.1860679256688247], [-2.174672915708596, 7.087882112142479], [-2.733362244949628, 7.087882112142479], [-2.733362244949628, 7.141948821423869], [-2.751384481376757, 7.141948821423869]], "room_14": [[-3.3280960470449195, -8.888830480508298], [-3.3280960470449195, -3.844604280911888], [-2.356895279979895, -3.844604280911888], [-2.356895279979895, -4.466371437647875], [-2.228739624989986, -4.466371437647875], [-2.228739624989986, -3.844604280911888], [-0.1041157265886419, -3.844604280911888], [-0.1041157265886419, -8.888830480508298], [-3.3280960470449195, -8.888830480508298]], "bathroom_15": [[1.294607596513936, 1.6631889475763373], [1.294607596513936, 4.274413229510193], [2.265808363578955, 4.274413229510193], [2.265808363578955, 1.6631889475763373], [1.294607596513936, 1.6631889475763373]], "room_16": [[-7.905744099535947, -8.888830480508298], [-7.905744099535947, -3.844604280911888], [-5.763097964707473, -3.844604280911888], [-5.763097964707473, -8.888830480508298], [-7.905744099535947, -8.888830480508298]], "shaft_17": [[-3.616451829878999, 1.6631889475763373], [-3.616451829878999, 2.012622557905374], [-2.8074511906581474, 2.012622557905374], [-2.8074511906581474, 1.6631889475763373], [-3.616451829878999, 1.6631889475763373]], "room_18": [[-11.257880074982134, 0.3655879248229752], [-11.257880074982134, 7.049837639288219], [-11.187791129273615, 7.049837639288219], [-11.187791129273615, 7.031815402861087], [-5.763097964707473, 7.031815402861087], [-5.763097964707473, 3.1860679256688247], [-6.752320968199625, 3.1860679256688247], [-6.752320968199625, 3.204090162095955], [-6.8264099139081456, 3.204090162095955], [-6.8264099139081456, 0.3655879248229752], [-11.257880074982134, 0.3655879248229752]], "shaft_19": [[-11.257880074982134, -0.2291458772723161], [-11.257880074982134, 0.2554545062601949], [-7.916755217749513, 0.2554545062601949], [-7.916755217749513, -0.2291458772723161], [-11.257880074982134, -0.2291458772723161]], "bathroom_20": [[-7.788599562759602, -1.2654244718322936], [-7.788599562759602, 0.138309969483851], [-6.8264099139081456, 0.138309969483851], [-6.8264099139081456, -1.2654244718322936], [-7.788599562759602, -1.2654244718322936]], "corridor_21": [[-9.32950077727922, -3.8335931626983246], [-9.32950077727922, -1.3485245357543771], [-7.916755217749513, -1.3485245357543771], [-7.916755217749513, -2.671158913148437], [-8.457422310563414, -2.671158913148437], [-8.457422310563414, -2.7542589770705206], [-7.997855281671598, -2.7542589770705206], [-7.997855281671598, -3.8335931626983246], [-9.32950077727922, -3.8335931626983246]], "room_22": [[-5.571864482222608, -8.888830480508298], [-5.571864482222608, -3.844604280911888], [-3.4021849927534387, -3.844604280911888], [-3.4021849927534387, -8.888830480508298], [-5.571864482222608, -8.888830480508298]],