{"balcony_0": [[1.1239227946942592, -5.379000208152792], [1.1239227946942592, -4.117754010132318], [6.047306960713479, -4.117754010132318], [6.047306960713479, -5.978723150647361], [1.149442919906793, -5.978723150647361], [1.149442919906793, -5.430040458577862], [1.136682857300526, -5.430040458577862], [1.136682857300526, -5.379000208152792], [1.1239227946942592, -5.379000208152792]], "bathroom_1": [[8.244037728991477, -0.6832971690463836], [8.244037728991477, 2.096396479119913], [9.95188611823131, 2.096396479119913], [9.95188611823131, -0.6832971690463836], [8.244037728991477, -0.6832971690463836]], "corridor_2": [[6.161387461563622, 1.2307122218937288], [6.161387461563622, 2.096396479119913], [8.114437102928802, 2.096396479119913], [8.114437102928802, 1.2307122218937288], [6.161387461563622, 1.2307122218937288]], "room_3": [[6.789390591876993, 5.326692318505569], [6.789390591876993, 5.911655198393871], [9.95188611823131, 5.911655198393871], [9.95188611823131, 2.2387571677888536], [6.827670779695795, 2.2387571677888536], [6.827670779695795, 5.22461181765543], [6.8021506544832615, 5.22461181765543], [6.8021506544832615, 5.326692318505569], [6.789390591876993, 5.326692318505569]], "corridor_4": [[6.304508212838831, -0.6832971690463836], [6.304508212838831, 1.0755914706185195], [8.114437102928802, 1.0755914706185195], [8.114437102928802, -0.6832971690463836], [6.304508212838831, -0.6832971690463836]], "bathroom_5": [[2.757210808296488, 2.9022804233147594], [2.757210808296488, 5.082251128986489], [3.9418966306793592, 5.082251128986489], [3.9418966306793592, 2.9022804233147594], [2.757210808296488, 2.9022804233147594]], "kitchen_6": [[4.122537507167101, 2.2387571677888536], [4.122537507167101, 5.082251128986489], [6.5704695275704434, 5.082251128986489], [6.5704695275704434, 5.069491066380221], [6.685310091026851, 5.069491066380221], [6.685310091026851, 2.2387571677888536], [4.122537507167101, 2.2387571677888536]], "room_7": [[6.2917481502325625, -5.417280395971595], [6.2917481502325625, -4.385715324863934], [6.304508212838831, -4.385715324863934], [6.304508212838831, -0.8384179203215929], [9.95188611823131, -0.8384179203215929], [9.95188611823131, -5.417280395971595], [6.2917481502325625, -5.417280395971595]], "living_dining_8": [[1.2260032955443982, -3.8733128206132377], [1.2260032955443982, 0.909710656737043], [4.109777444560834, 0.909710656737043], [4.109777444560834, 0.9224707193433108], [4.122537507167101, 0.9224707193433108], [4.122537507167101, 2.096396479119913], [6.149387461563618, 2.096396479119913], [6.149387461563618, 1.192432034074927], [6.136627398957353, 1.192432034074927], [6.136627398957353, -3.8733128206132377], [1.2260032955443982, -3.8733128206132377]], "corridor_9": [[1.2260032955443982, 1.0520713454059853], [1.2260032955443982, 2.747159672039552], [3.9418966306793592, 2.747159672039552], [3.9418966306793592, 1.0520713454059853], [1.2260032955443982, 1.0520713454059853]]}