{"room_0": [[9.746391568413369, -9.6848756700564], [9.746391568413369, -4.54852571466932], [12.133724297668355, -4.54852571466932], [12.133724297668355, -9.17304067451769], [12.146570172556824, -9.17304067451769], [12.146570172556824, -9.6848756700564], [9.746391568413369, -9.6848756700564]], "balcony_1": [[12.35410417077231, -9.6848756700564], [12.35410417077231, -8.723435053421321], [15.319501270008345, -8.723435053421321], [15.319501270008345, -10.275785914925912], [12.366950045660776, -10.275785914925912], [12.366950045660776, -9.6848756700564], [12.35410417077231, -9.6848756700564]], "bathroom_2": [[9.746391568413369, -2.2214223598566676], [9.746391568413369, 1.6046483569067078], [11.465738803468035, 1.6046483569067078], [11.465738803468035, 1.5661107322413041], [11.594197552352714, 1.5661107322413041], [11.594197552352714, -2.2214223598566676], [9.746391568413369, -2.2214223598566676]], "room_3": [[11.698964551460456, 1.6708777313490444], [11.698964551460456, 2.3497091004378348], [15.165350771346734, 2.3497091004378348], [15.165350771346734, -2.2214223598566676], [11.711810426348926, -2.2214223598566676], [11.711810426348926, 1.6708777313490444], [11.698964551460456, 1.6708777313490444]], "corridor_4": [[9.746391568413369, -4.43091284067311], [9.746391568413369, -2.3775728585182776], [15.165350771346734, -2.3775728585182776], [15.165350771346734, -4.43091284067311], [9.746391568413369, -4.43091284067311]], "room_5": [[12.264183046553036, -8.477363430540436], [12.264183046553036, -4.54852571466932], [15.165350771346734, -4.54852571466932], [15.165350771346734, -8.477363430540436], [12.264183046553036, -8.477363430540436]]}