{"room_0": [[-2.583074687411985, -4.51743292843484], [-2.583074687411985, 0.726467921956039], [-0.1494778640162195, 0.726467921956039], [-0.1494778640162195, -4.51743292843484], [-2.583074687411985, -4.51743292843484]], "bathroom_1": [[-7.591660975523276, 0.903331283635735], [-7.591660975523276, 2.61249418007276], [-4.758376468288207, 2.61249418007276], [-4.758376468288207, 0.903331283635735], [-7.591660975523276, 0.903331283635735]], "room_2": [[-9.502667713879953, 2.7269063411525636], [-9.502667713879953, 5.934898051986982], [-4.758376468288207, 5.934898051986982], [-4.758376468288207, 2.7269063411525636], [-9.502667713879953, 2.7269063411525636]], "kitchen_3": [[-9.502667713879953, -1.1075973756807675], [-9.502667713879953, 2.61249418007276], [-7.718563376723059, 2.61249418007276], [-7.718563376723059, 0.7139776818360604], [-7.591660975523276, 0.7139776818360604], [-7.591660975523276, 0.7389581620760168], [-6.644402726404927, 0.7389581620760168], [-6.644402726404927, -1.1075973756807675], [-9.502667713879953, -1.1075973756807675]], "corridor_4": [[-4.631474067088423, 0.8533703231558221], [-4.631474067088423, 2.475101538752998], [-4.5440423862485755, 2.475101538752998], [-4.5440423862485755, 4.223735155549958], [-1.5858554778137215, 4.223735155549958], [-1.5858554778137215, 2.575023459712826], [-1.3090701951742005, 2.575023459712826], [-1.3090701951742005, 2.5875136998328028], [-0.1494778640162195, 2.5875136998328028], [-0.1494778640162195, 0.8533703231558221], [-4.631474067088423, 0.8533703231558221]], "living_dining_5": [[-9.502667713879953, -4.00533308351573], [-9.502667713879953, -1.1970290565206163], [-6.529990565325122, -1.1970290565206163], [-6.529990565325122, 0.7389581620760168], [-4.833317909008076, 0.7389581620760168], [-4.833317909008076, 0.726467921956039], [-2.709977088611769, 0.726467921956039], [-2.709977088611769, -5.516652138033101], [-6.529990565325122, -5.516652138033101], [-6.529990565325122, -5.304318055993471], [-6.5424808054451, -5.304318055993471], [-6.5424808054451, -4.00533308351573], [-9.502667713879953, -4.00533308351573]], "balcony_6": [[-9.602589634839779, -6.066222703312146], [-9.602589634839779, -4.232157405675338], [-6.606932006044992, -4.232157405675338], [-6.606932006044992, -5.304318055993471], [-6.756814887484731, -5.304318055993471], [-6.756814887484731, -5.730986220072732], [-6.731834407244774, -5.730986220072732], [-6.731834407244774, -6.066222703312146], [-9.602589634839779, -6.066222703312146]]}