{"living_dining_0": [[-4.284878740208627, -4.921083411868525], [-4.284878740208627, -3.6536870284643475], [-4.259658944511855, -3.6536870284643475], [-4.259658944511855, 0.5159858600685805], [-1.7396793748346813, 0.5159858600685805], [-1.7396793748346813, -0.0556628423915795], [0.984058560416667, -0.0556628423915795], [0.984058560416667, -4.921083411868525], [-4.284878740208627, -4.921083411868525]], "kitchen_1": [[-4.2512523459462646, 1.8210086377351198], [-4.2512523459462646, 5.349780035283165], [-1.7060529805723181, 5.349780035283165], [-1.7060529805723181, 1.8210086377351198], [-4.2512523459462646, 1.8210086377351198]], "bathroom_2": [[-6.092297431810602, 1.8210086377351198], [-6.092297431810602, 5.349780035283165], [-4.404571120126896, 5.349780035283165], [-4.404571120126896, 1.8210086377351198], [-6.092297431810602, 1.8210086377351198]], "room_3": [[-9.765981004973685, -3.4163022686278106], [-9.765981004973685, 1.6592832649888996], [-7.397320209477142, 1.6592832649888996], [-7.397320209477142, -3.4163022686278106], [-9.765981004973685, -3.4163022686278106]], "room_4": [[-9.765981004973685, 1.8210086377351198], [-9.765981004973685, 6.266099278932539], [-6.2288030088600514, 6.266099278932539], [-6.2288030088600514, 5.603977992250882], [-6.245616205991233, 5.603977992250882], [-6.245616205991233, 1.8210086377351198], [-9.765981004973685, 1.8210086377351198]], "shaft_5": [[-0.880206321144442, 0.0808427346578702], [-0.880206321144442, 0.5159858600685805], [-0.5459423785208184, 0.5159858600685805], [-0.5459423785208184, 0.0808427346578702], [-0.880206321144442, 0.0808427346578702]], "room_6": [[-7.22718823816533, -3.4163022686278106], [-7.22718823816533, 0.5159858600685805], [-4.429790915823667, 0.5159858600685805], [-4.429790915823667, -3.4163022686278106], [-7.22718823816533, -3.4163022686278106]], "corridor_7": [[-7.22718823816533, 0.6777112328148016], [-7.22718823816533, 1.6592832649888996], [-1.6031737977852316, 1.6592832649888996], [-1.6031737977852316, 1.7181294549480333], [-1.5863606006540518, 1.7181294549480333], [-1.5863606006540518, 3.2145039996231572], [0.984058560416667, 3.2145039996231572], [0.984058560416667, 0.0808427346578702], [-0.4010302029057797, 0.0808427346578702], [-0.4010302029057797, 0.66089803568362], [-0.5459423785208184, 0.66089803568362], [-0.5459423785208184, 0.6524914371180293], [-0.880206321144442, 0.6524914371180293], [-0.880206321144442, 0.66089803568362], [-1.0251184967594806, 0.66089803568362], [-1.0251184967594806, 0.0808427346578702], [-1.5947671992196426, 0.0808427346578702], [-1.5947671992196426, 0.66089803568362], [-1.6368001920475947, 0.66089803568362], [-1.6368001920475947, 0.6777112328148016], [-7.22718823816533, 0.6777112328148016]], "bathroom_8": [[-1.5863606006540518, 3.351009576672605], [-1.5863606006540518, 5.349780035283165], [-0.4702829914305031, 5.349780035283165], [-0.4702829914305031, 3.5023283508532357], [-0.4955027871272737, 3.5023283508532357], [-0.4955027871272737, 3.351009576672605], [-1.5863606006540518, 3.351009576672605]], "balcony_9": [[-9.765981004973685, -4.870643820474982], [-9.765981004973685, -3.6873134227267097], [-4.5979228871354785, -3.6873134227267097], [-4.5979228871354785, -5.166874770270653], [-4.497043704348392, -5.166874770270653], [-4.497043704348392, -5.192094565967423], [-4.429790915823667, -5.192094565967423], [-4.429790915823667, -5.543171705722228], [-9.715541413580143, -5.543171705722228], [-9.715541413580143, -4.870643820474982], [-9.765981004973685, -4.870643820474982]]}