{"bathroom_0": [[2.66513188173883, 2.9869215462640826], [2.66513188173883, 4.970829417247018], [3.7189310030208986, 4.970829417247018], [3.7189310030208986, 2.9869215462640826], [2.66513188173883, 2.9869215462640826]], "living_dining_1": [[1.1484680646590366, -3.8338759515422813], [1.1484680646590366, 0.8565645874891237], [6.241117792750277, 0.8565645874891237], [6.241117792750277, -3.8338759515422813], [1.1484680646590366, -3.8338759515422813]], "room_2": [[6.377187522436891, -5.291884261884183], [6.377187522436891, -0.7690308849610421], [9.844241778077965, -0.7690308849610421], [9.844241778077965, -5.291884261884183], [6.377187522436891, -5.291884261884183]], "bathroom_3": [[8.136852724573668, -0.6329611552744296], [8.136852724573668, 1.8956049925603642], [9.844241778077965, 1.8956049925603642], [9.844241778077965, -0.6329611552744296], [8.136852724573668, -0.6329611552744296]], "balcony_4": [[0.9725015444453593, -5.9119567616847615], [0.9725015444453593, -5.570403079362819], [1.0060189768670114, -5.570403079362819], [1.0060189768670114, -5.562023721257406], [1.1484680646590366, -5.562023721257406], [1.1484680646590366, -4.104015410915505], [6.090289346852838, -4.104015410915505], [6.090289346852838, -5.578782437468233], [6.1992210022232115, -5.578782437468233], [6.1992210022232115, -5.9119567616847615], [0.9725015444453593, -5.9119567616847615]], "corridor_5": [[1.1484680646590366, 0.9674962428594958], [1.1484680646590366, 2.850851816577472], [3.7189310030208986, 2.850851816577472], [3.7189310030208986, 1.8956049925603642], [7.992403636781642, 1.8956049925603642], [7.992403636781642, -0.6329611552744296], [6.377187522436891, -0.6329611552744296], [6.377187522436891, 0.8565645874891237], [6.955363231710404, 0.8565645874891237], [6.955363231710404, 0.9674962428594958], [1.1484680646590366, 0.9674962428594958]], "room_6": [[6.737499920969661, 2.0232953641415614], [6.737499920969661, 4.9540707010361915], [6.745879279075073, 4.9540707010361915], [6.745879279075073, 5.85904137642082], [9.844241778077965, 5.85904137642082], [9.844241778077965, 2.0232953641415614], [6.737499920969661, 2.0232953641415614]], "kitchen_7": [[3.8633800908129228, 2.0232953641415614], [3.8633800908129228, 4.970829417247018], [6.442222387280193, 4.970829417247018], [6.442222387280193, 4.9540707010361915], [6.58467147507222, 4.9540707010361915], [6.58467147507222, 2.0232953641415614], [3.8633800908129228, 2.0232953641415614]]}