{"room_0": [[12.934020539576014, -3.205682271001849], [12.934020539576014, 0.572529675235792], [18.17663891543725, 0.572529675235792], [18.17663891543725, -3.205682271001849], [12.934020539576014, -3.205682271001849]], "bathroom_1": [[12.934020539576014, 0.7107535291542639], [12.934020539576014, 3.228894826646025], [14.345343023980174, 3.228894826646025], [14.345343023980174, 0.7107535291542639], [12.934020539576014, 0.7107535291542639]], "storeroom_2": [[12.934020539576014, 3.367118680564497], [12.934020539576014, 4.710329238009425], [18.17663891543725, 4.710329238009425], [18.17663891543725, 1.7494604152826252], [14.483566877898653, 1.7494604152826252], [14.483566877898653, 3.367118680564497], [12.934020539576014, 3.367118680564497]], "corridor_3": [[14.483566877898653, 0.7107535291542639], [14.483566877898653, 1.6112365613641515], [18.17663891543725, 1.6112365613641515], [18.17663891543725, 0.7107535291542639], [14.483566877898653, 0.7107535291542639]]}