{"balcony_0": [[6.4168967974526225, -10.42234316446791], [6.4168967974526225, -9.375262768492611], [11.983253828756741, -9.375262768492611], [11.983253828756741, -11.008747373047997], [6.4576805338339405, -11.008747373047997], [6.4576805338339405, -10.42234316446791], [6.4168967974526225, -10.42234316446791]], "bathroom_1": [[2.0189752608124145, -3.168020214694379], [2.0189752608124145, -1.1746333675618192], [2.8183386208839636, -1.1746333675618192], [2.8183386208839636, -1.5042876371001253], [2.9756548239729526, -1.5042876371001253], [2.9756548239729526, -1.502836083800231], [4.441729184782496, -1.502836083800231], [4.441729184782496, -3.168020214694379], [2.0189752608124145, -3.168020214694379]], "corridor_2": [[4.607968871272494, -3.168020214694379], [4.607968871272494, 0.9303488738099155], [6.34807633029013, 0.9303488738099155], [6.34807633029013, -1.1050550613772998], [6.356089295335117, -1.1050550613772998], [6.356089295335117, -1.1758694582348266], [7.595391251375254, -1.1758694582348266], [7.595391251375254, -2.866541254095978], [7.869739951450107, -2.866541254095978], [7.869739951450107, -4.992210540072812], [6.338486228509897, -4.992210540072812], [6.338486228509897, -3.3236321789234635], [6.339375996916598, -3.3236321789234635], [6.339375996916598, -3.168020214694379], [4.607968871272494, -3.168020214694379]], "bathroom_3": [[2.0189752608124145, -0.79184352606541], [2.0189752608124145, 0.9303488738099155], [4.441729184782496, 0.9303488738099155], [4.441729184782496, -1.3672931802097015], [2.9756548239729526, -1.3672931802097015], [2.9756548239729526, -1.1746333675618192], [2.9771063772728503, -1.1746333675618192], [2.9771063772728503, -0.79184352606541], [2.0189752608124145, -0.79184352606541]], "kitchen_4": [[6.506826701278467, 1.1033413582052543], [6.506826701278467, 2.035384273798151], [12.367952057476774, 2.035384273798151], [12.367952057476774, -1.028583488472174], [6.508189428761842, -1.028583488472174], [6.508189428761842, 1.1033413582052543], [6.506826701278467, 1.1033413582052543]], "room_5": [[8.017642197215501, -4.992210540072812], [8.017642197215501, -3.9790933681188365], [12.367952057476774, -3.9790933681188365], [12.367952057476774, -9.149458797785957], [9.07618336732953, -9.149458797785957], [9.07618336732953, -4.992072386585766], [8.913731551737822, -4.992072386585766], [8.913731551737822, -4.992210540072812], [8.017642197215501, -4.992210540072812]], "living_dining_6": [[2.0189752608124145, -10.341555805585298], [2.0189752608124145, -3.3236321789234635], [6.199129325643927, -3.3236321789234635], [6.199129325643927, -9.393500141771574], [6.206114638728085, -9.393500141771574], [6.206114638728085, -10.341555805585298], [2.0189752608124145, -10.341555805585298]], "room_7": [[8.017642197215501, -3.848356092443499], [8.017642197215501, -2.866541254095978], [8.222656686240672, -2.866541254095978], [8.222656686240672, -1.1758694582348266], [12.367952057476774, -1.1758694582348266], [12.367952057476774, -3.848356092443499], [8.017642197215501, -3.848356092443499]], "room_8": [[6.338486228509897, -9.149458797785957], [6.338486228509897, -5.140551580774441], [8.913731551737822, -5.140551580774441], [8.913731551737822, -9.149458797785957], [6.338486228509897, -9.149458797785957]]}