{"bathroom_0": [[2.007202720863564, -0.7531657766321196], [2.007202720863564, 0.9612744898507763], [4.360708298051893, 0.9612744898507763], [4.360708298051893, -1.0734780260096883], [3.6064551955331225, -1.0734780260096883], [3.6064551955331225, -0.7531657766321196], [2.007202720863564, -0.7531657766321196]], "balcony_1": [[6.318627298477363, -10.432362821887708], [6.318627298477363, -9.318867266301066], [11.813065964936406, -9.318867266301066], [11.813065964936406, -11.076779133578848], [6.36549831752102, -11.076779133578848], [6.36549831752102, -10.432362821887708], [6.318627298477363, -10.432362821887708]], "room_2": [[8.320855059864858, -4.9955990729618565], [8.320855059864858, -3.929244127283102], [12.272300094653076, -3.929244127283102], [12.272300094653076, -9.153096888791362], [9.058499019926888, -9.153096888791362], [9.058499019926888, -4.996391958776034], [9.04337358213678, -4.996391958776034], [9.04337358213678, -4.9955990729618565], [8.320855059864858, -4.9955990729618565]], "corridor_3": [[4.489980815333546, -3.138015254252714], [4.489980815333546, 0.9612744898507763], [6.340589245024731, 0.9612744898507763], [6.340589245024731, -1.1071028427175662], [6.480547151374793, -1.1071028427175662], [6.480547151374793, -1.1067769460958488], [7.607897185443555, -1.1067769460958488], [7.607897185443555, -2.761354569110468], [8.209552480005858, -2.761354569110468], [8.209552480005858, -4.9955990729618565], [6.256666894080638, -4.9955990729618565], [6.256666894080638, -3.285812166512331], [6.258836487947228, -3.285812166512331], [6.258836487947228, -3.138015254252714], [4.489980815333546, -3.138015254252714]], "room_4": [[8.320855059864858, -3.7832577433988064], [8.320855059864858, -1.1067769460958488], [12.272300094653076, -1.1067769460958488], [12.272300094653076, -3.7832577433988064], [8.320855059864858, -3.7832577433988064]], "bathroom_5": [[2.007202720863564, -3.138015254252714], [2.007202720863564, -1.1614085502705596], [4.360708298051893, -1.1614085502705596], [4.360708298051893, -3.138015254252714], [2.007202720863564, -3.138015254252714]], "room_6": [[6.256666894080638, -9.153096888791362], [6.256666894080638, -5.113563566867305], [8.96037701494857, -5.113563566867305], [8.96037701494857, -9.153096888791362], [6.256666894080638, -9.153096888791362]], "living_dining_7": [[2.007202720863564, -10.375365876332536], [2.007202720863564, -3.285812166512331], [6.134448666701186, -3.285812166512331], [6.134448666701186, -9.235902253004298], [6.1329718642727435, -9.235902253004298], [6.1329718642727435, -10.375365876332536], [2.007202720863564, -10.375365876332536]], "kitchen_8": [[6.480547151374793, -0.9527913186624275], [6.480547151374793, 2.083629061123913], [12.272300094653076, 2.083629061123913], [12.272300094653076, -0.9527913186624275], [6.480547151374793, -0.9527913186624275]]}