{"kitchen_0": [[-10.869395870280137, -0.0057302607056045], [-10.869395870280137, 2.8975946405538977], [-8.585116344453054, 2.8975946405538977], [-8.585116344453054, 0.8770640014435642], [-8.596657726416408, 0.8770640014435642], [-8.596657726416408, 0.0961045718417886], [-9.295038401780126, 0.0961045718417886], [-9.295038401780126, -0.0057302607056045], [-10.869395870280137, -0.0057302607056045]], "bathroom_1": [[-13.161684651859844, 4.482222929712645], [-13.161684651859844, 6.173833470148519], [-10.888742815042912, 6.173833470148519], [-10.888742815042912, 5.482885130901568], [-10.885750659632086, 5.482885130901568], [-10.885750659632086, 4.482222929712645], [-13.161684651859844, 4.482222929712645]], "corridor_2": [[-13.161684651859844, 3.120363436352118], [-13.161684651859844, 4.35571866773811], [-10.75209434762054, 4.35571866773811], [-10.75209434762054, 4.3826483032416235], [-10.74311788138805, 4.3826483032416235], [-10.74311788138805, 5.361701771135781], [-8.598568795682839, 5.361701771135781], [-8.598568795682839, 3.7894069076471766], [-8.585116344453054, 3.7894069076471766], [-8.585116344453054, 3.0104198068210977], [-10.869395870280137, 3.0104198068210977], [-10.869395870280137, 3.0273501339332256], [-11.005361242598473, 3.0273501339332256], [-11.005361242598473, 3.0010846384861267], [-12.15474925777966, 3.0010846384861267], [-12.15474925777966, 3.120363436352118], [-13.161684651859844, 3.120363436352118]], "room_3": [[-18.293191479822074, 3.120363436352118], [-18.293191479822074, 6.158126508781006], [-13.281789674557233, 6.158126508781006], [-13.281789674557233, 3.120363436352118], [-18.293191479822074, 3.120363436352118]], "living_dining_4": [[-18.293191479822074, -1.4312255441220358], [-18.293191479822074, 2.9582073595327785], [-12.15474925777966, 2.9582073595327785], [-12.15474925777966, 2.994894292750665], [-11.005361242598473, 2.994894292750665], [-11.005361242598473, -0.0057302607056045], [-14.286577396990621, -0.0057302607056045], [-14.286577396990621, -0.319916773509604], [-14.278493008773994, -0.319916773509604], [-14.278493008773994, -1.4312255441220358], [-18.293191479822074, -1.4312255441220358]], "balcony_5": [[-14.171314934109219, -2.318742074733411], [-14.171314934109219, -1.7608417715237543], [-13.953354454693256, -1.7608417715237543], [-13.953354454693256, -0.319916773509604], [-9.057534034179621, -0.319916773509604], [-9.057534034179621, -0.3116443789593362], [-8.596657726416408, -0.3116443789593362], [-8.596657726416408, -2.318742074733411], [-14.171314934109219, -2.318742074733411]]}