{"living_dining_0": [[-18.265060863332753, -1.4098341384754676], [-18.265060863332753, 2.969978480499357], [-12.140066088390936, 2.969978480499357], [-12.140066088390936, 3.017657910369202], [-10.993200411755316, 3.017657910369202], [-10.993200411755316, 0.0125383213120145], [-14.26722842637751, 0.0125383213120145], [-14.26722842637751, -0.3009642864449731], [-14.259161748579741, -0.3009642864449731], [-14.259161748579741, -1.4098341384754676], [-18.265060863332753, -1.4098341384754676]], "balcony_1": [[-14.152214086867312, -2.295406392157199], [-14.152214086867312, -1.738732659050612], [-13.93473109211455, -1.738732659050612], [-13.93473109211455, -0.3009642864449731], [-9.04963591486906, -0.3009642864449731], [-9.04963591486906, -0.2927100141778567], [-8.589773627347077, -0.2927100141778567], [-8.589773627347077, -2.295406392157199], [-14.152214086867312, -2.295406392157199]], "room_2": [[-18.265060863332753, 3.13178370439984], [-18.265060863332753, 6.162887586819892], [-13.264641886142472, 6.162887586819892], [-13.264641886142472, 3.13178370439984], [-18.265060863332753, 3.13178370439984]], "bathroom_3": [[-13.144795595381881, 4.490659780659907], [-13.144795595381881, 6.178560139045079], [-10.876837459461846, 6.178560139045079], [-10.876837459461846, 5.48912545601662], [-10.87385185894722, 5.48912545601662], [-10.87385185894722, 4.490659780659907], [-13.144795595381881, 4.490659780659907]], "corridor_4": [[-13.144795595381881, 3.13178370439984], [-13.144795595381881, 4.364428269395752], [-10.740483965597475, 4.364428269395752], [-10.740483965597475, 4.391298910314681], [-10.73152716405359, 4.391298910314681], [-10.73152716405359, 5.368207571881449], [-8.591680510045983, 5.368207571881449], [-8.591680510045983, 3.799357124946507], [-8.578257529017227, 3.799357124946507], [-8.578257529017227, 3.0220809276924925], [-10.800156824897874, 3.0220809276924925], [-10.800156824897874, 3.023839076340387], [-10.857528516542798, 3.023839076340387], [-10.857528516542798, 3.0389741656425855], [-10.993200411755316, 3.0389741656425855], [-10.993200411755316, 3.023839076340387], [-12.140066088390936, 3.023839076340387], [-12.140066088390936, 3.13178370439984], [-13.144795595381881, 3.13178370439984]], "kitchen_5": [[-10.857528516542798, 0.0125383213120145], [-10.857528516542798, 2.909498545426004], [-8.578257529017227, 2.909498545426004], [-8.578257529017227, 0.8933986515756125], [-8.589773627347077, 0.8933986515756125], [-8.589773627347077, 0.1141500649267293], [-9.286624364519907, 0.1141500649267293], [-9.286624364519907, 0.0125383213120145], [-10.857528516542798, 0.0125383213120145]]}